"country","genre","titles_count","rank_in_country"
"Afghanistan","International Movies",1,1
"Afghanistan","Documentaries",1,1
"Albania","Dramas",1,1
"Albania","International Movies",1,1
"Algeria","International Movies",3,1
"Algeria","Dramas",2,2
"Algeria","Independent Movies",1,3
"Algeria","Dramas",1,3
"Algeria","Classic Movies",1,3
"Angola","International Movies",1,1
"Angola","Action & Adventure",1,1
"Argentina","International Movies",57,1
"Argentina","Dramas",30,2
"Argentina","Spanish-Language TV Shows",18,3
"Armenia","International Movies",1,1
"Armenia","Documentaries",1,1
"Australia","International Movies",26,1
"Australia","Dramas",22,2
"Australia","Children & Family Movies",19,3
"Austria","International Movies",8,1
"Austria","Dramas",6,2
"Austria","Independent Movies",4,3
"Azerbaijan","International TV Shows",1,1
"Azerbaijan","Romantic TV Shows",1,1
"Azerbaijan","TV Dramas",1,1
"Bahamas","Action & Adventure",1,1
"Bangladesh","Independent Movies",4,1
"Bangladesh","Dramas",3,2
"Bangladesh","International Movies",3,2
"Belarus","TV Comedies",1,1
